product title,product url
Asus Zenfone Max Pro M1 ,https://bukalapak.com/p/handphone/hp-smartphone/ibhnc5-jual-asus-zenfone-max-pro-m1?from=&product_owner=normal_seller
ASUS ZENFONE MAX PRO M1 RAM 3GB ROM 32GB GARANSI RESMI ASUS 1 TAHUN,https://bukalapak.com/p/handphone/hp-smartphone/ifdam8-jual-asus-zenfone-max-pro-m1-ram-3gb-rom-32gb-garansi-resmi-asus-1-tahun?from=&product_owner=normal_seller
TEMPERED GLASS 5D FULL LEM FOR ASUS ZENFONE MAX PRO M2 NEW 2018 ASUS ZB631KL - BLACK,https://bukalapak.com/p/handphone/aksesoris-handphone/screen-guard/ziihho-jual-tempered-glass-5d-full-lem-for-asus-zenfone-max-pro-m2-new-2018-asus-zb631kl-black?from=&product_owner=normal_seller
TEMPERED GLASS FULL LEM TEMPERED GLASS 5D FOR ASUS ZB602KL ZB601KL ASUS ZENFONE MAX PRO M1 2018 BLACK ONLY,https://bukalapak.com/p/handphone/aksesoris-handphone/screen-guard/lob97p-jual-tempered-glass-full-lem-tempered-glass-5d-for-asus-zb602kl-zb601kl-asus-zenfone-max-pro-m1-2018-black-only?from=&product_owner=normal_seller
Case Asus Zenfone Max Pro M1,https://bukalapak.com/p/handphone/aksesoris-handphone/casing-cover/jzcki6-jual-case-asus-zenfone-max-pro-m1?from=&product_owner=normal_seller
Tempered Glass Asus Zenfone Max M1 ZB555KL ,https://bukalapak.com/p/handphone/aksesoris-handphone/screen-guard/mdw460-jual-tempered-glass-asus-zenfone-max-m1-zb555kl?from=&product_owner=normal_seller
Original Black Matte Softcase Ultra Thin Baby Skin Ultra Slim Asus Zenfone Max Pro M2 ZB631KL 2018 Soft Case Cover Premium Casing Hp Slim,https://bukalapak.com/p/handphone/aksesoris-handphone/casing-cover/10hqzf0-jual-original-black-matte-softcase-ultra-thin-baby-skin-ultra-slim-asus-zenfone-max-pro-m2-zb631kl-2018-soft-case-cover-premium-casing-hp-slim?from=&product_owner=normal_seller
Original Softcase TPU Solid Matte Pro Series Baby Skin Camera Protect Cover Casing Asus Zenfone Max Pro M2 2018 New Soft Case Ultra Thin Slim Ori Hp,https://bukalapak.com/p/handphone/aksesoris-handphone/casing-cover/10akcba-jual-original-softcase-tpu-solid-matte-pro-series-baby-skin-camera-protect-cover-casing-asus-zenfone-max-pro-m2-2018-new-soft-case-ultra-thin-slim-ori-hp?from=&product_owner=normal_seller
ASUS ZENFONE MAX PRO M1 ZB602KL,https://bukalapak.com/p/handphone/hp-smartphone/iel2y4-jual-asus-zenfone-max-pro-m1-zb602kl?from=&product_owner=normal_seller
Premium TPU Black Matte Softcase Baby Skin Ultra Thin Asus Zenfone Max Pro M2 ZB631KL 2018 Soft Case Cover Casing Hp Slim,https://bukalapak.com/p/handphone/aksesoris-handphone/casing-cover/10hr31z-jual-premium-tpu-black-matte-softcase-baby-skin-ultra-thin-asus-zenfone-max-pro-m2-zb631kl-2018-soft-case-cover-casing-hp-slim?from=&product_owner=normal_seller
Case Asus Zenfone 5 ,https://bukalapak.com/p/handphone/aksesoris-handphone/casing-cover/opbi7l-jual-case-asus-zenfone-5?from=&product_owner=normal_seller
LCD 1SET ASUS ZB602KL ZB601KL ASUS ZENFONE MAX PRO M1 2018 ORIGINAL BLACK,https://bukalapak.com/p/handphone/spare-part-tools-handphone/ljjgxo-jual-lcd-1set-asus-zb602kl-zb601kl-asus-zenfone-max-pro-m1-2018-original-black?from=&product_owner=normal_seller
Case Asus Zenfone Max Pro M1 - Auto Focus Leather Case Asus Zenfone Max Pro M1 - Softcase Asua Zenfone Max Pro M1 2018 Asus Zb601kl Zb602kl,https://bukalapak.com/p/handphone/aksesoris-handphone/aksesoris-lainnya-2645/surwd3-jual-case-asus-zenfone-max-pro-m1-auto-focus-leather-case-asus-zenfone-max-pro-m1-softcase-asua-zenfone-max-pro-m1-2018-asus-zb601kl-zb602kl?from=&product_owner=normal_seller
Hp Asus zenfone max pro m1  ZB602KL ,https://bukalapak.com/p/handphone/hp-smartphone/lvh5hq-jual-hp-asus-zenfone-max-pro-m1-zb602kl?from=&product_owner=normal_seller
"Casing Custom Hardcase HP Asus Zenfone 2 Laser 5 Inch | Zenfone 2 Laser 5,5 Inch  Naruto Uzumaki Hokage Z36702 Case",https://bukalapak.com/p/handphone/aksesoris-handphone/casing-cover/73duxz-jual-casing-custom-hardcase-hp-asus-zenfone-2-laser-5-inch-zenfone-2-laser-5-5-inch-naruto-uzumaki-hokage-z36702-case?from=&product_owner=normal_seller
Original Flipcase Leather Wallet Stand Flip Case Full Cover Casing Asus Zenfone Max Pro M2 2018 Triple Camera Flipcover Kulit Slot Card Premium Hp,https://bukalapak.com/p/handphone/aksesoris-handphone/aksesoris-lainnya-2645/129u8c2-jual-original-flipcase-leather-wallet-stand-flip-case-full-cover-casing-asus-zenfone-max-pro-m2-2018-triple-camera-flipcover-kulit-slot-card-premium-hp?from=&product_owner=normal_seller
ASUS ZENFONE MAX PRO M2 2018,https://bukalapak.com/p/handphone/hp-smartphone/zywioq-jual-asus-zenfone-max-pro-m2-2018?from=&product_owner=normal_seller
Tempered Glass Full Cover 5D Asus Zenfone Max Pro M1 2018 - Tempered Glass Zenfone zb601kl Zenfone Max Pro M1,https://bukalapak.com/p/handphone/aksesoris-handphone/aksesoris-lainnya-2645/mhkkml-jual-tempered-glass-full-cover-5d-asus-zenfone-max-pro-m1-2018-tempered-glass-zenfone-zb601kl-zenfone-max-pro-m1?from=&product_owner=normal_seller
Original Hardcase 360 Armor 3 in 1 Baby Skin Ultra Thin Slim Asus Zenfone Max Pro M 2 M2 ZB631KL 2018 Matte Hard Case Cover Premium Casing Hp Ori,https://bukalapak.com/p/handphone/aksesoris-handphone/casing-cover/15dqi7l-jual-original-hardcase-360-armor-3-in-1-baby-skin-ultra-thin-slim-asus-zenfone-max-pro-m-2-m2-zb631kl-2018-matte-hard-case-cover-premium-casing-hp-ori?from=&product_owner=normal_seller
SOFT JACKET UME EMERALD ZENFONE MAX PRO M1 - SILIKON ZENFONE MAX PRO M1 - ASUS ZENFONE MAX PRO M1 2018 ZB601KL,https://bukalapak.com/p/handphone/aksesoris-handphone/casing-cover/jpmsfl-jual-soft-jacket-ume-emerald-zenfone-max-pro-m1-silikon-zenfone-max-pro-m1-asus-zenfone-max-pro-m1-2018-zb601kl?from=&product_owner=normal_seller
Original Hardcase Matte 360 Armor 3 in 1 Baby Skin Ultra Thin Slim Asus Zenfone Max Pro M1 2018 Hard Case Cover Premium Casing Hp ,https://bukalapak.com/p/handphone/aksesoris-handphone/casing-cover/kf9ask-jual-original-hardcase-matte-360-armor-3-in-1-baby-skin-ultra-thin-slim-asus-zenfone-max-pro-m1-2018-hard-case-cover-premium-casing-hp?from=&product_owner=normal_seller
Original Tempered Glass Screen Guard Asus Zenfone Max Pro M2 ZB631KL 2018 5D Clear Full Cover Layar Penuh Pelindung Kaca Anti Gores TG,https://bukalapak.com/p/handphone/aksesoris-handphone/screen-guard/100j8ul-jual-original-tempered-glass-screen-guard-asus-zenfone-max-pro-m2-zb631kl-2018-5d-clear-full-cover-layar-penuh-pelindung-kaca-anti-gores-tg?from=&product_owner=normal_seller
Original Hardcase 360 Baby Skin Matte Ultra Thin Slim Asus Zenfone Max Pro M 2 M2 2018 Hard Case Matte Full Cover Back Case Premium Casing Hp Ori,https://bukalapak.com/p/handphone/aksesoris-handphone/casing-cover/15dq1lo-jual-original-hardcase-360-baby-skin-matte-ultra-thin-slim-asus-zenfone-max-pro-m-2-m2-2018-hard-case-matte-full-cover-back-case-premium-casing-hp-ori?from=&product_owner=normal_seller
LCD 1 SET ASUS ZB602KL ZB601KL ZENFONE MAX PRO M1 2018 ORIGINAL BLACK,https://bukalapak.com/p/handphone/spare-part-tools-handphone/lp2eg9-jual-lcd-1-set-asus-zb602kl-zb601kl-zenfone-max-pro-m1-2018-original-black?from=&product_owner=normal_seller
Original Leather Slod Card Softcase Ultra Thin Slim Fit Asus Zenfone Max Pro M 2 M2 2018 Soft Case Cover Premium Casing Hp Ori,https://bukalapak.com/p/handphone/aksesoris-handphone/casing-cover/16godpx-jual-original-leather-slod-card-softcase-ultra-thin-slim-fit-asus-zenfone-max-pro-m-2-m2-2018-soft-case-cover-premium-casing-hp-ori?from=&product_owner=normal_seller
Original Leather Slod Card Softcase Ultra Thin Slim Fit Asus Zenfone Max Pro M 1 M1 2018 Soft Case Cover Premium Casing Hp Ori,https://bukalapak.com/p/handphone/aksesoris-handphone/casing-cover/16goa1z-jual-original-leather-slod-card-softcase-ultra-thin-slim-fit-asus-zenfone-max-pro-m-1-m1-2018-soft-case-cover-premium-casing-hp-ori?from=&product_owner=normal_seller
Original Softcase Luxury Leather Matte Ultra Thin Slim Asus Zenfone Max Pro M1 2018 Soft Case Full Cover Premium Casing Hp Slim Case,https://bukalapak.com/p/handphone/aksesoris-handphone/casing-cover/10oxltb-jual-original-softcase-luxury-leather-matte-ultra-thin-slim-asus-zenfone-max-pro-m1-2018-soft-case-full-cover-premium-casing-hp-slim-case?from=&product_owner=normal_seller
Original Tempered Glass Screen Guard Protector Full Coverage Clear 5D Layar Penuh Kaca Anti Gores Asus Zenfone Max Pro M2 2018 TG Ori 9H Full glue,https://bukalapak.com/p/handphone/aksesoris-handphone/screen-guard/11l3wgz-jual-original-tempered-glass-screen-guard-protector-full-coverage-clear-5d-layar-penuh-kaca-anti-gores-asus-zenfone-max-pro-m2-2018-tg-ori-9h-full-glue?from=&product_owner=normal_seller
Original Matte Softcase Leather With Slod Cart Ultra Thin Slim Fit Asus Zenfone Max Pro M 2 M2 2018 Soft Case Cover Premium Casing Hp Ori,https://bukalapak.com/p/handphone/aksesoris-handphone/casing-cover/16gp8rz-jual-original-matte-softcase-leather-with-slod-cart-ultra-thin-slim-fit-asus-zenfone-max-pro-m-2-m2-2018-soft-case-cover-premium-casing-hp-ori?from=&product_owner=normal_seller
Original Softcase Matte Carbon TPU Creative Slim Fit Asus Zenfone Max Pro M2 ZB631KL 2018 Soft Case Cover Premium Casing Hp Ori,https://bukalapak.com/p/handphone/aksesoris-handphone/casing-cover/13gjhgw-jual-original-softcase-matte-carbon-tpu-creative-slim-fit-asus-zenfone-max-pro-m2-zb631kl-2018-soft-case-cover-premium-casing-hp-ori?from=&product_owner=normal_seller
